Idiomas;English based
Inglés;No
Inglés;No
Inglés;No
Inglés;No
Inglés;No
Inglés;No
Inglés;No
Inglés;Yes
Inglés;Yes
Inglés;Yes
Inglés;Yes
Inglés;No
Inglés;No
Inglés;No
Alemán, Inglés;No
Inglés;No
Inglés;No
Portugués;No
Portugués, Inglés;No
Inglés;No
Portugués, Inglés;No
Inglés;No
Inglés;No
Inglés;No
Inglés;No
Inglés;No
Inglés;No
Inglés;No
Inglés;No
Inglés;No
Inglés;Yes
Inglés;Yes
Inglés;Yes
Inglés;Yes
Inglés;No
Inglés;No
Inglés;No
Inglés;No
Inglés;No
Inglés;No
Inglés;No
Inglés;No
Inglés;No
Inglés;No
Inglés;No
Inglés;No
Inglés;No
Inglés;No
Inglés;No
Inglés;No
Inglés;No
Inglés;No
Inglés;No
Inglés;No
Inglés;No
Inglés;No
Inglés;No
Inglés;No
Inglés;No
Inglés;No
Inglés;No
Inglés;No
Inglés;No
Inglés;No
Francés, Inglés;No
Inglés;No
Francés, Inglés;No
Inglés;No
Francés, Inglés;No
Inglés;No
Inglés;No
Inglés;No
Inglés;No
Alemán, Inglés;No
Inglés;No
Inglés;No
Inglés;No
Alemán, Inglés;No
Inglés;No
Inglés;No
Inglés;No
Inglés;No
Inglés;No
Inglés;No
Inglés;No
Inglés;Yes
Inglés;Yes
Inglés;Yes
Inglés;No
Inglés;No
Inglés;No
Inglés;No
Inglés;No
Inglés;No
Inglés;No
Inglés;No
Inglés;No
Inglés;No
Inglés;Yes
Inglés, Russian;Yes
Francés, Inglés;No
Inglés;Yes
Inglés;Yes
Inglés;No
Inglés;Yes
Japonés, Inglés;No
Español, Alemán, Árabe, Inglés;No
Inglés;Yes
Inglés;Yes
Inglés;No
Inglés;No
Inglés;No
Inglés;No
Inglés;No
Inglés;No
Inglés;No
Inglés;No
Inglés;No
Inglés;No
Inglés;No
Inglés;No
Inglés;No
Inglés;No
Inglés;No
Inglés;No
Inglés;No
Inglés;No
Inglés;No
Inglés;No
Eslovaco, Inglés;No
Inglés;No
Inglés;No
Inglés;No
Inglés;No
Inglés;No
Inglés;No
Inglés;No
Inglés;No
Inglés;No
Inglés;No
Inglés;No
Inglés;No
Inglés;No
Inglés;No
Inglés;No
Inglés;No
Inglés;No
Inglés;No
Inglés;No
Inglés;No
Inglés;No
Inglés;No
Inglés;No
Inglés;Yes
Inglés;Yes
Inglés;Yes
Inglés;Yes
Inglés;Yes
Inglés;Yes
Inglés;Yes
Inglés;No
Inglés;No
Inglés;No
Inglés;No
Inglés;Yes
Inglés;Yes
Inglés;Yes
Inglés;Yes
Inglés;Yes
Inglés;No
Inglés;No